{
  "k_values": [
    2,
    3,
    4,
    5,
    6,
    7,
    8,
    9,
    10
  ],
  "silhouette_scores": [
    0.44019114134014053,
    0.5380373223774048,
    0.5679910226109555,
    0.5317521026556242,
    0.5140553089232985,
    0.4498785756706744,
    0.44885004003960105,
    0.451647003153989,
    0.43098741920202666
  ],
  "inertias": [
    343719.9576407651,
    219765.2197222686,
    160179.28710507244,
    120513.10419625221,
    94159.49981377751,
    84825.67829043194,
    77609.1338361318,
    70014.16433138047,
    63030.99683052582
  ]
}